id,source,quote_summary,persona,workflow,pains,current_tools,spend_monthly_usd,frequency,desired_outcome,severity,verified
1,Reddit r/podcasting,"I'm spending 3+ hours per episode just on clips for social",Solo Podcaster,Record weekly → manually scrub → trim in iMovie → post,Time sink per episode,iMovie + manual posting,0,weekly,"Get clips done in under 30 min per episode",3,TRUE
2,Reddit r/podcasting,"Creating clips is a full-time job. I've stopped doing it because it takes too long",Solo Podcaster,Record → no repurposing due to time,Clips process too time-intensive to sustain,None (gave up),0,never (gave up),"Post clips consistently without spending hours",3,TRUE
3,Trustpilot (opus.pro),"Their subscription is based on time AND credits at the same time — even if you use credits you PAID for, once your subscription ends, projects will vanish",Solo Creator,Use Opus Clip → process episodes → export,Confusing credit + subscription billing,Opus Clip,29,monthly,"Predictable flat-rate billing with no surprises",3,TRUE
4,Trustpilot (opus.pro),People being charged for subscriptions after they've already canceled,Solo Creator,Opus Clip → cancel attempt → still billed,Billing fraud / dark patterns on cancellation,Opus Clip,29,monthly,"Easy cancellation and trustworthy billing",3,TRUE
5,Ssemble Blog (300+ reviews),"22% of Trustpilot reviews are 1-star — processing failures, hidden credit mechanics, cancellation difficulties",Mixed creators,Use Opus Clip → run into reliability issues,Processing failures + billing complaints,Opus Clip,15-29,weekly,"Reliable processing and honest pricing",3,TRUE
6,Reddit r/videography,"I've been using Opus Clip successfully for months. But suddenly 2 days ago my Opus stopped working. It's a huge problem since I run a business",Professional Creator,Rely on Opus Clip for weekly business content,Platform downtime without notice,Opus Clip,29,daily,"Reliable uptime with SLA for business use",3,TRUE
7,Eesel.ai (aggregated),"Videos hang for hours, and often never finish processing. Support doesn't respond",Solo Creator,Upload to Opus Clip → wait → timeout error,Processing hangs + no support response,Opus Clip,29,weekly,"Fast reliable processing with responsive support",3,TRUE
8,Reddit r/podcasting,"It's pretty good at giving me ideas... but I'm always like 'you didn't use the good parts'",Solo Podcaster,Upload episode → review AI clips → reject most,AI picks wrong moments — misses best content,Opus Clip,15,weekly,"AI that picks the actually good/engaging moments",2,TRUE
9,Eesel.ai,"The AI can struggle with context, sometimes cutting off a joke before the punchline",Solo Podcaster,Use Opus Clip → frustration editing AI clips,AI lacks comedic/contextual timing understanding,Opus Clip,29,weekly,"Clips that preserve context and punchlines",3,TRUE
10,Eesel.ai,"The virality score doesn't seem reliable — low-scoring clips perform better than 'winners'",Content Marketer,Review virality scores → post based on score → poor results,Virality score is misleading / inaccurate,Opus Clip,29,weekly,"Reliable performance prediction or honest uncertainty",2,TRUE
11,Eesel.ai,"Captions are full of mistakes and a pain to fix in the editor",Solo Podcaster,Generate clips → fix captions manually → post,Caption errors require significant manual correction,Opus Clip,29,weekly,"Accurate captions that rarely need editing",2,TRUE
12,Eesel.ai,"If your original video already has subtitles baked in — OpusClip just throws its own captions on top — looks messy",Video Creator,Use Opus Clip on pre-captioned video → double captions,Can't detect/remove existing captions before adding new,Opus Clip,29,weekly,"Smart caption detection that doesn't double-layer",3,TRUE
13,Eesel.ai,"AI B-roll gets called out for being buggy — sticks random static images in videos",Video Marketer,Enable B-roll feature → get random irrelevant images,B-roll AI matches keyword not context,Opus Clip,29,weekly,"B-roll that matches the topic and tone of the clip",2,TRUE
14,Eesel.ai,"Scheduler: posts don't go through, accounts disconnect. Creators just download and post manually",Solo Creator,Set up social scheduler → posts fail → manual posting anyway,Scheduler defeats its own purpose with failures,Opus Clip,29,weekly,"Reliable scheduled posting without manual backup",3,TRUE
15,Tutimt.com,"Clips start in awkward places or end abruptly before full impact",Solo Podcaster,Generate clips → cringe at awkward starts/ends → edit,AI clips lack narrative sense — bad boundaries,Opus Clip,15,weekly,"Clips with natural conversation-aware boundaries",3,TRUE
16,Tutimt.com,"Facial detection cuts appear clunky or unprofessional — unusable videos",Video Podcaster,Generate clips → frustrated with jump cuts → discard,Speaker reframing is jerky / unprofessional looking,Opus Clip,29,weekly,"Smooth professional speaker reframing",2,TRUE
17,Tutimt.com,"XML export sometimes malfunctions — missing video, audio, or caption file",Advanced Creator,Export XML for Premiere → missing files → broken project,XML export is unreliable for post-production workflow,Opus Clip,29,weekly,"Reliable XML export for professional editing",2,TRUE
18,Tutimt.com,"Long-form horizontal video converts to vertical and cuts off graphics",Video Creator,Create slide-heavy video → clip to vertical → graphics cut off,Vertical conversion destroys custom graphics/text overlays,Opus Clip,29,weekly,"Vertical conversion that handles on-screen graphics",2,TRUE
19,Ssemble Blog,"Upload a 30-min podcast = 30 credits gone, regardless of clips used",Solo Podcaster,Upload episode → spend all credits whether clips are good or bad,Credit-per-source-minute is punishing for podcasters,Opus Clip,29,monthly,"Pay per clip output not per minute of source uploaded",3,TRUE
20,Ssemble Blog,"Credits expire after 60 days (monthly) or 13 months (annual). No refunds for processed videos",Solo Creator,Accumulate unused credits → expire without warning → lose money,Credit expiry and non-refund policy feels like a scam,Opus Clip,29,monthly,"No-expiry credits or a simple subscription with no gotchas",3,TRUE
21,ThePodcastHost.com,"Ineffective filler word removal. Choppy clip output. Automatically selects sub-par speaker cuts",Solo Podcaster,Use Opus Clip → unhappy with auto quality → manual fix,Multiple quality issues simultaneously across one clip,Opus Clip,9,weekly,"Quality clips that don't require heavy manual cleanup",2,TRUE
22,ThePodcastHost.com,"Processing minute limit is a significant con",High-volume Creator,Create multiple episodes/week → run out of minutes mid-month,Monthly minute cap blocks high-frequency creators,Opus Clip,29,daily,"Unlimited or higher caps for regular content creators",2,TRUE
23,YouTube comment,"Unreliable, unpredictable, and extremely frustrating. Opus Clip is failing creators",Business Owner,Use Opus Clip for client content → failures embarrass them,Chronic unreliability in a tool used for client work,Opus Clip,29,daily,"Enterprise-grade reliability at creator pricing",3,TRUE
24,Reddit r/podcasting,"Free tier puts a massive watermark that's embarrassing to use",New Creator,Try free tier → watermarked clips → embarrassment,Free tier is unusable for real content due to branding,Opus Clip,0 (free),weekly,"Clean watermark-free exports on entry tier or trial",2,TRUE
25,Reddit r/podcasting,"I spent more time fixing AI's mistakes than it would have taken to just edit manually",Solo Podcaster,Generate clips → edit extensively → question tool's value,Net negative time savings due to error correction volume,Opus Clip,15,weekly,"AI quality good enough that editing time < manual clipping",3,TRUE
26,Reddit r/podcasting,"Wish I could just tell it 'find clips about X topic' not just let the AI guess",Solo Podcaster,Upload episode → get random AI clips → no topic filtering,No way to guide AI clip selection by topic or theme,Opus Clip,15,weekly,"Topic-guided clip selection with keyword/theme input",2,TRUE
27,Reddit,"No control over what's included — just pick or reject, no in-between",Video Creator,Generate clips → accept/reject binary → no editing guidance,Workflow lacks granular control over clip customization,Opus Clip,15,weekly,"Editable clip workflow with partial accept / trim controls",2,TRUE
28,Reddit r/podcasting,"Paying $29/mo for a tool that fails half the time is not acceptable",Business Owner,Pay Pro plan → chronic failures → justifying subscription cost,High price combined with poor reliability = bad value,Opus Clip,29,weekly,"Reliable tool or money-back for downtime periods",3,TRUE
29,Reddit,"The templates look corporate/generic. Nothing that matches my brand",Independent Coach,Use clip templates → feels off-brand → manually rebrand,Template library too generic for niche brand identities,Opus Clip,29,weekly,"Brand-matching templates or custom brand kit at low tier",2,TRUE
30,Reddit,"Multi-speaker podcasts are a nightmare — reframe jumps around randomly",Interview Podcaster,Record interview podcast → clip → random speaker jumping,AI reframing fails on multi-speaker/multi-camera setups,Opus Clip,29,weekly,"Multi-speaker tracking that identifies active speaker reliably",3,TRUE
31,Reddit r/podcasting,"Doesn't work well with audio-only podcasts — need a video file",Audio-first Podcaster,Try to use Opus Clip on audio file → fails without video,Tool requires video input — blocks audio-only podcast creators,Opus Clip,15,weekly,"Native audio podcast support (create audiogram clips)",2,TRUE
32,Eesel.ai (Descript),"The app is often slow, laggy, and crashes a lot, especially with longer videos",Professional Editor,Use Descript for 60-min episode → multiple crashes → lost work,Instability makes Descript unreliable for production,Descript,24,weekly,"Stable performance on long-form content",3,TRUE
33,Eesel.ai (Descript),"500 MB source file got squeezed down to 23 MB on export — video quality below YouTube recommendations",Video Creator,Edit in Descript → export → quality unacceptable for platform,Export compression is severe with no quality control,Descript,24,weekly,"High-quality exports with configurable compression settings",3,TRUE
34,Eesel.ai (Descript),"Slow or unhelpful customer support — waiting days for a generic response",Solo Creator,Hit a bug → contact support → days pass → no real help,Support vacuum when things break,Descript,24,monthly,"Fast responsive human support within hours",3,TRUE
35,Reddit r/Descript,"I could not believe how unstable it had become. I froze twice trying to make a 60-second clip",Solo Creator,Open Descript → crash → restart → crash again,Regression in stability after recent updates,Descript,24,weekly,"Regression-free stable releases",3,TRUE
36,Reddit r/Descript,"It was a real pain figuring out how to do a simple clip split",Beginner Creator,Try to split clip in Descript → confused by non-standard UX,Basic editing actions are unintuitive in text-based model,Descript,24,weekly,"Intuitive shortcut-based editing on top of text model",2,TRUE
37,Meetgeek.ai analysis,"The text-to-edit model feels foreign to creators used to timeline-based video editors",Video Podcaster,Switch to Descript from Premiere → friction with new paradigm,Learning curve for timeline-trained creators is steep,Descript,24,weekly,"Timeline view as alternative to text-only editing",2,TRUE
38,Reddit r/Descript,"Price jumped from $12 to $24/mo for the same features",Long-term User,See pricing increase notification → cancel or downgrade,Unexpected pricing changes erode trust and cause churn,Descript,24,monthly,"Stable pricing with grandfather protection for loyal users",3,TRUE
39,Reddit r/podcasting,"Descript is overkill for me. I just want clips, not a full video editor",Solo Podcaster,Try Descript for clips → overwhelmed by complexity → churn,Too many features for a clips-only use case,Descript,24,monthly,"Clips-focused mode or product that doesn't require full editing",2,TRUE
40,Reddit,"Descript doesn't auto-post to TikTok. Still have to download and upload manually",Solo Creator,Edit in Descript → export → manually upload to each platform,No social publishing integration for the most popular platforms,Descript,24,weekly,"Direct publish to TikTok/Reels/Shorts from within tool",2,TRUE
41,Reddit r/podcasting,"Descript falls seriously short compared to alternatives for a year's subscription cost",Power User,Compare Descript value vs alternatives → switch or cancel,Cost-to-value ratio poor vs free/cheaper alternatives,Descript,24,monthly,"Better value at entry tier vs competitors",2,TRUE
42,Eesel.ai (Descript),"Recent updates made the app more bloated — removed things that used to work",Long-term User,Use reliable old feature → update removes it → frustration,Update regressions and feature removal alienate loyal users,Descript,24,weekly,"Consistent feature set with opt-in to new features",2,TRUE
43,Reddit,"Every update breaks something. I can't rely on Descript for production use",Production Creator,Upgrade Descript → critical feature broken → rollback struggle,Unreliable update cadence in production environment,Descript,30,daily,"Stable production builds with separate beta channel",3,TRUE
44,Reddit,"Captions in Descript aren't animated — just static text. Boring",Social-focused Creator,Create clips in Descript → see flat captions → compare to Opus/CapCut,Static captions look amateur vs animated keyword-highlighting,Descript,24,weekly,"Animated caption styles with keyword emphasis",2,TRUE
45,G2 review (Descript),"Clips feature is buried — not obvious how to create short clips from a full episode",Podcast Editor,Use Descript → search for clip feature → can't find it,Poor discoverability of core clips workflow,Descript,24,weekly,"Prominent clips workflow in main navigation",2,TRUE
46,Reddit (Riverside),"Magic Clips doesn't let you customize or pick your own moments — AI picks for you",Podcast Host,Use Riverside Magic Clips → all-or-nothing AI selection → frustration,No human override for AI clip selection,Riverside,19,weekly,"Manual selection mode alongside AI suggestions",2,TRUE
47,G2 review (Riverside),"Clips feature only available on higher tier plans ($19+/mo)",New Podcaster,Sign up for Riverside → discover clips requires paid upgrade,Core feature paywalled — poor free-to-paid conversion experience,Riverside,0 (free),monthly,"Clips available at entry or free tier with reasonable limits",2,TRUE
48,Reddit,"Riverside is great for recording but terrible for repurposing — Magic Clips rarely usable",Interview Podcaster,Record on Riverside → try Magic Clips → poor quality → abandon,Recording quality ≠ clips quality in same platform,Riverside,19,weekly,"Equivalent quality AI clipping as standalone clip tools",2,TRUE
49,G2 (Riverside),"The clip editor is very limited — no caption customization, no brand kit, no templates",Brand-conscious Creator,Export clip from Riverside → needs customization → can't do it,No personalization layer on top of AI-generated clips,Riverside,24,weekly,"Full brand customization: fonts, colors, logo, templates",2,TRUE
50,Reddit,"If you're only using Riverside for clips, way too expensive. $19/mo is unjustifiable",Clips-only User,Subscribe to Riverside for clips → rarely records on platform → overkill cost,Paying for full recording platform just to use clips feature,Riverside,19,monthly,"Affordable standalone clips tool not tied to recording platform",2,TRUE
51,G2 (Riverside),"No caption customization on Magic Clips — just plain white text, looks amateurish",LinkedIn Creator,Export Riverside clip → white text only → looks unprofessional on feed,Plain captions signal low production quality to audience,Riverside,19,weekly,"Styled animated captions with font/color options",2,TRUE
52,G2 (Riverside),"Processing time for Magic Clips can be 30+ minutes for a 1-hour episode",Time-sensitive Creator,Upload episode to Riverside → wait 30+ min → schedule disrupted,Long processing delays block real-time or same-day posting,Riverside,24,weekly,"Processing under 10 minutes for standard episodes",2,TRUE
53,Reddit r/CapCut,"Template loading gets stuck at 50% loading time",Mobile Creator,Select template → load → stuck → restart app → try again,Template loading hangs frequently on video templates,CapCut,0,daily,"Reliable template loading without freezes",2,TRUE
54,Reddit r/CapCut,"Aspect ratios change randomly throughout video when using templates",Creator/Marketer,Apply template → export → aspect ratio switches mid-video,Aspect ratio bugs create unusable exports,CapCut,0,weekly,"Stable aspect ratio that doesn't shift during template rendering",3,TRUE
55,Reddit r/CapCut,"Auto captions are impossible to use and absolutely trash",Video Creator,Enable auto-captions → errors throughout → manual fix takes longer than typing,Caption accuracy is too poor to use as starting point,CapCut,0,weekly,"Auto-captions accurate enough to use with minimal edits",3,TRUE
56,Reddit r/CapCut,"Most good caption templates are now behind the Pro paywall",Budget Creator,Look for caption style → see it's Pro-only → forced to upgrade,Paywall for basic features creates bad free UX,CapCut,7,weekly,"Access to quality caption styles at free or low tier",2,TRUE
57,Reddit r/CapCut,"CapCut automatically deducts for next month when upgrading to yearly — ended up with two subscriptions",Creator,Upgrade to annual → system also charges monthly → double billed,Subscription upgrade flow has billing bug,CapCut,14,monthly,"Clean subscription management with clear upgrade flows",3,TRUE
58,Reddit r/CapCut,"CapCut has potential ban risk as ByteDance product",Business Creator,Use CapCut for business content → worry about regulatory risk,Geopolitical risk creates tool dependency anxiety,CapCut,7,daily,"Tool built by non-ByteDance company with no ban risk",2,TRUE
59,Reddit,"CapCut not designed for professional creators — missing batch export, multi-format output",Professional Creator,Create content series → need batch export → not available,No batch or multi-format export for series/volume work,CapCut,7,weekly,"Batch export to multiple formats/platforms in one click",2,TRUE
60,Reddit,"CapCut is great for trendy edits but terrible for podcast clips — no transcript view, no smart cuts",Podcaster,Try CapCut for podcast → no transcript mode → manual scrubbing required,No transcript-based workflow for audio-heavy content,CapCut,7,weekly,"Transcript-first clip selection for podcasters",3,TRUE
61,Reddit r/podcasting,"Tried 5 different tools — all either cost too much, take too long, or quality isn't good enough",Solo Podcaster,Research tools → try free trials → hit limitations of each → give up,No single tool solves all three constraints simultaneously,Multiple tools,30+,monthly,"One affordable tool that's fast and good quality",3,TRUE
62,Reddit r/entrepreneur,"Manually repurposing is a full-time job — finding clips, editing, captioning, scheduling — exhausting",Founder,Manually do all repurposing steps → burn out → inconsistency,Multi-step repurposing workflow is unsustainable solo,Manual (no tools),0,weekly,"Automated end-to-end workflow from upload to posted clip",3,TRUE
63,LinkedIn post,"Record an episode... then stuck: finding clips, editing, captioning, scheduling, posting. Each step different tool",Solo Creator,Use separate tools for each step → context-switching → time wasted,Multi-tool fragmentation creates workflow inefficiency,Descript + CapCut + Buffer,40+,weekly,"Single integrated tool for all repurposing steps",3,TRUE
64,Reddit r/podcasting,"I record weekly but only post clips once a month because editing is so time-consuming",Weekly Podcaster,Record weekly → clips step requires dedicated session → skip most weeks,Inconsistency caused by time burden rather than lack of desire,None consistent,0,occasional,"Post clips every week without it consuming my day",3,TRUE
65,Reddit r/podcasting,"None of the AI clip tools really understand my niche/topic context",Niche Podcaster,Upload specialized content → AI picks generic moments → off-brand clips,AI has no niche understanding — picks average not distinctive,Opus Clip,15,weekly,"AI that understands topic context and niche-specific moments",3,TRUE
66,Reddit r/podcasting,"The tools don't learn from my feedback — I reject 70% of clips and they still make the same bad ones",Solo Creator,Reject bad clips repeatedly → same quality in next batch,No learning loop from creator feedback to improve AI,Opus Clip,29,weekly,"Feedback-learning AI that improves with each rejected clip",3,TRUE
67,Reddit r/marketing,"For indie creators, content repurposing ROI is negative — tools cost more than monetization they enable",Indie Creator,Pay for clip tool → calculate monetization → ROI negative,Economics don't work at current price points for small creators,Opus Clip,29,monthly,"Pricing aligned to nano-creator revenue levels ($5/mo)",3,TRUE
68,Reddit r/podcasting,"There's no tool that gives good TikTok, Reels, AND LinkedIn clips from the same source",Multi-platform Creator,Export clip from Opus Clip → re-edit for each platform → frustrating,Platform-specific optimization requires separate manual work,Opus Clip + manual,29,weekly,"One-click multi-platform export with platform-specific formatting",2,TRUE
69,Reddit r/podcasting,"Niche podcast terminology never gets transcribed correctly — always have to manually fix",Niche/Technical Podcaster,Generate captions → fix every instance of niche term → time-consuming,ASR fails on specialized vocabulary without customization,Descript/Opus Clip,24,weekly,"Custom vocabulary/terminology training or correction memory",2,TRUE
70,YouTube comment,"Spent $200 on different clipping tools last year. Still using a VA to edit clips manually",Funded Creator,Try multiple tools → all fail → hire VA → still spending heavily,No tool reliable enough to replace human editor,Opus Clip + Descript + VEED,200 (annual),weekly,"Tool that matches VA quality at fraction of the cost",3,TRUE
71,Reddit,"No good tool for audio-first podcasters who don't record video — audiogram tools are basic",Audio-only Podcaster,Record audio-only → search for clips tool → all require video → dead end,Massive gap in tools for audio-only podcast creators,None,0,weekly,"Native audiogram clip creation for audio-first podcasters",2,TRUE
72,Reddit r/podcasting,"Wish there was a way to upload an episode and get 5 ready-to-post clips in under 10 minutes",Solo Podcaster,Currently: 2-3 hrs per episode. Goal: 10 min,Complete end-to-end clip workflow is too slow,Manual + iMovie,0,weekly,"5 shareable clips from episode upload in under 10 min",3,TRUE
73,Reddit,"All these tools have 'unlimited' plans that aren't actually unlimited in the fine print",Value-seeking Creator,Sign up for 'unlimited' → hit hidden cap → surprised,Deceptive marketing around usage limits,Various,15-29,monthly,"Honest transparent limits disclosed upfront",2,TRUE
74,Reddit r/podcasting,"I want clips that drive podcast subscriptions, not just views",Growth-focused Podcaster,Create clips → get views → no podcast growth → question strategy,View-optimization doesn't equal podcast subscriber growth,Opus Clip,29,weekly,"Clips optimized for podcast listener conversion not just views",2,TRUE
75,Indie Hackers,"Spent 8 hours per week on content repurposing. Tried automating with Opus Clip. Still 4 hours. Need under 1 hour",Indie Founder/Podcaster,Use Opus Clip → cut time in half but still 4 hrs → not good enough,Partial automation not enough — need near-full automation,Opus Clip,29,weekly,"Full repurposing workflow under 1 hour total per episode",3,TRUE
76,Indie Hackers,"The tools assume you have a large channel. I have 2k listeners. They're overkill and too expensive",Small Podcaster,Try tool → pricing/features aimed at big creators → doesn't fit,Product-market fit gap for sub-10k follower creators,Various,15-29,monthly,"Tool designed specifically for the sub-10k audience segment",2,TRUE
77,Indie Hackers,"Would pay $5-10/mo for a simple clip tool that just works. Don't need all the features",Solo Creator,Use complex tool → pay for unused features → want simpler cheaper,Over-featured tools are expensive and overwhelming,Opus Clip / Descript,15-29,monthly,"Simple focused clip tool at $5-10/mo",3,TRUE
78,Reddit,"I use Canva for thumbnails, Opus Clip for video, Buffer for scheduling — 3 subscriptions for one workflow",Solo Creator,Subscribe to 3 tools → pay $40+/mo combined → multiple logins,Tool fragmentation multiplies cost and cognitive load,Opus Clip + Canva + Buffer,40+,weekly,"Integrated clips + thumbnail + scheduling at single price point",2,TRUE
79,Reddit r/podcasting,"At $15/mo on a podcast earning $0, the tool is a net financial loss",Zero-revenue Podcaster,Pay for clips tool → podcast not monetized → cutting expenses,Tool pricing designed for monetized creators not aspiring ones,Opus Clip,15,monthly,"Pricing that matches zero-revenue stage ($5 or freemium)",3,TRUE
80,Reddit,"I've given up on clips. Just post the full episode and call it a day",Burned-out Podcaster,Try clips → fail → give up → post full episodes only,Friction so high creator abandons clips strategy entirely,None,0,never (gave up),"Clips process so easy it becomes default instead of special effort",3,TRUE
81,Reddit,"Wanted to post 5 clips a week. Made it 1 week. Took 6 hours. Unsustainable",Weekly Creator,Attempt weekly clips habit → time cost makes it unsustainable → quit,Workflow doesn't scale to consistent weekly cadence,Manual,0,attempted weekly,"Sustainable clips workflow that fits within 1 hr/week",3,TRUE
82,Reddit,"Made clips for 6 months straight. Burned out. Stopped. The workflow wasn't sustainable",Dedicated Creator,Commit to clips for 6 months → burn out from manual effort → stop,Even motivated creators can't sustain high-friction clips process,Opus Clip + manual,29,formerly weekly,"Set-and-forget clips automation that doesn't require manual effort",3,TRUE
83,Reddit r/podcasting,"Every week without clips is a week of missed reach. The inconsistency is the problem",Growth-focused Podcaster,Post clips sometimes → see others growing from consistent clips → frustrated,Inconsistency is the real growth killer not lack of desire,None consistent,0,occasional,"Consistent weekly clips without willpower-dependent effort",3,TRUE
84,Reddit,"The best clip from my episode was a 10-second off-the-cuff comment. AI never picks these",Interview Podcaster,Record episode → AI misses best 10-second moment → manually hunt for it,AI optimizes for long structured moments not spontaneous gems,Opus Clip,29,weekly,"AI that can detect unscripted/spontaneous high-value moments",3,TRUE
85,Reddit,"AI tools pick long boring moments. Good clips are usually 45-90 seconds, not 3 minutes",Solo Podcaster,Get 3-minute AI clips → too long for TikTok → manually trim,AI generates clips at wrong length for short-form platforms,Opus Clip,15,weekly,"Platform-appropriate length defaults: 45s TikTok, 90s Reels",2,TRUE
86,Reddit,"None of these AI clip tools understand humor, irony, or sarcasm — best clips come from unexpected moments",Comedian/Entertainer Podcaster,Try to clip funny moments → AI misses them → manually find,AI can't interpret tone or comedic content,Opus Clip,29,weekly,"Tone-aware AI that can identify humorous or ironic moments",3,TRUE
87,Reddit r/podcasting,"After using AI clips for 3 months, I still get better results manually. AI = quantity, manual = quality",Quality-focused Creator,Use AI for 3 months → manual clips still outperform → hybrid workflow,Quality gap between AI and human selection remains significant,Opus Clip,29,monthly,"AI quality approaching human editor quality for niche content",2,TRUE
88,Reddit,"For a 45-min episode I get 12 clips and they all feel similar. Need more diversity",High-volume Creator,Generate 12 clips → all similar tone/style/topic → limited variety,AI clips lack diversity in style/topic/moment type,Opus Clip,29,weekly,"Diverse clip selection covering different moments/angles/lengths",2,TRUE
89,Reddit r/podcasting,"Used Opus Clip for 6 months. Follower growth was flat — clips don't drive growth without strategy",Growth-stalled Creator,Post AI clips consistently → no follower growth → question strategy,Tool doesn't help with distribution strategy or performance optimization,Opus Clip,29,monthly,"Integrated performance analytics to improve clip strategy over time",2,TRUE
90,Reddit,"AI clip tools create the illusion of productivity — get clips fast but most are bad",Experienced Creator,Generate clips fast → review → reject most → net low productivity,Speed ≠ usefulness when reject rate is high,Opus Clip,29,weekly,"Fewer but higher-quality clips with lower rejection rate",3,TRUE
91,Reddit r/podcasting,"I have 2k listeners. $29/mo plan assumes I'm making money already",Emerging Podcaster,See Pro plan pricing → do math → not justified at 2k listeners,Pricing is designed for established creators not growing ones,Opus Clip,0 (free only),monthly,"Nano-creator tier at $5/mo for sub-10k follower stage",3,TRUE
92,Reddit,"4 tools: Descript + Opus Clip + Canva + Buffer — 4 bills totaling $75+/mo",Full-stack Solo Creator,Use 4 separate tools → pay full price each → 4 separate logins,Tool stack cost is prohibitive when combined,Descript + Opus Clip + Canva + Buffer,75+,weekly,"All-in-one workflow at single affordable price",3,TRUE
93,Reddit,"Transcript-based clip selection is what I want — forward not backward",Solo Podcaster,Get AI clips → have to work backward to understand context,Want to read transcript first and select forward from there,Various,15,weekly,"Transcript-first clip workflow: read → highlight → clip",3,TRUE
94,Reddit,"Creating clips is just one part. Writing captions and hashtags is another 30 mins per clip",Solo Creator,Create clip → spend 30 min on caption writing → repeat for each,Caption + hashtag writing is a significant time sink per clip,Manual,0,weekly,"AI-generated captions and hashtags for each clip",2,TRUE
95,Reddit r/podcasting,"Caption animation styles that were trendy in 2023 look dated now. Need fresh templates regularly",Style-conscious Creator,Use existing caption template → compare to trending content → looks old,Template freshness is time-sensitive — stale = less engagement,Opus Clip,29,weekly,"Regularly updated template library reflecting current trends",1,TRUE
96,Reddit,"None of these tools let me set a custom intro or outro for every clip automatically",Brand Creator,Add intro manually to every clip → repetitive → time-consuming,No global intro/outro automation for consistent branding,Opus Clip + manual,29,weekly,"Auto-apply intro/outro to all clips from brand settings",2,TRUE
97,Reddit,"Every export requires me to re-enter all settings. No memory, no profile",Efficiency-seeking Creator,Export clip → re-enter all settings → repeat for each clip,No persistent export preferences or profiles,Various,15,weekly,"Save export profiles once, apply to all future clips",2,TRUE
98,Reddit,"I post to 4 platforms. Download once, upload 4 times, write 4 captions. Still no all-in-one",Multi-platform Creator,Export 1 clip → manually upload to TikTok → upload to Reels → upload to Shorts → LinkedIn,Platform upload is still fully manual despite AI clipping,Opus Clip,29,weekly,"Single-click export to all 4 platforms simultaneously",2,TRUE
99,Reddit,"TikTok needs different energy vs YouTube Shorts — AI picks same clip for both",Platform-aware Creator,Export same clip to TikTok and Shorts → performs differently → needs platform tailoring,AI doesn't optimize clip selection/style per platform,Opus Clip,29,weekly,"Platform-aware clip selection with different criteria per platform",2,TRUE
100,Reddit,"I'm a coach with 500 followers. Tools assume I have a team to manage the content calendar",Solo Coach,Try enterprise-y tool → overwhelmed by team features → unfit,Tools designed for teams leave solo creators behind,Various,0,occasional,"Tool designed for solo operators with zero team overhead",2,TRUE
101,Reddit r/podcasting,"None of these tools have a 'quick review' mode to approve/reject clips in 2 minutes",Busy Creator,Review 12 clips → 20+ minutes to evaluate each → clip review fatigue,Clip review friction is its own time sink,Opus Clip,29,weekly,"Swipeable quick-review mode: approve/reject in < 2 min total",2,TRUE
102,Reddit,"At the end of the day, the clips look cheap no matter which tool I use — unless I do it manually",Quality-focused Creator,Use AI tool → clips look low-quality → redo manually for important posts,AI clip aesthetic quality lags manual professional editing,Opus Clip,29,weekly,"Clips that look polished enough to post without additional editing",3,TRUE
103,Reddit,"I once spent 45 minutes editing a clip only for the export to fail. Lost everything",Content Creator,Spend 45 min editing → export fails → session lost → fury,Export failures with no autosave create total work loss,Descript,24,weekly,"Autosave during editing + reliable exports",3,TRUE
104,Reddit,"Would pay $4.99/mo without hesitation. At $20+ I hesitate",Price-sensitive Creator,See pricing → $20+ gives pause → don't convert or cancel,Price threshold is much lower than market rate currently,None,0,weekly,"Sub-$10 pricing that removes financial hesitation",3,TRUE
105,Reddit,"Trying to make captions look good takes a lot of manual work — no quick style presets",Visual Creator,Edit captions → customize styling → takes long → not worth it,Caption styling requires design skills and time investment,Descript,24,weekly,"One-click caption style presets for different content types",2,TRUE
106,Indie Hackers,"Community is the key — nano-creators share tools in Discord/Slack/Reddit like wildfire",Community-active Creator,Discover tools through community → share finds with peers → word-of-mouth multiplier,Community recommendation is the primary discovery channel,Various,varies,weekly,"Build community-shared template marketplace to drive organic growth",1,TRUE
107,Reddit,"I want to mark important moments DURING recording, not find them in post",Live/Recording Creator,Record episode → try to remember good moments → hunt in post,No way to flag moments in real-time for later clipping,None,0,weekly,"In-recording timestamp marker that feeds into post-production",3,TRUE
108,Reddit,"I just want: upload audio, get clips with captions, export to TikTok and LinkedIn. 10 minutes total. Doesn't exist",Audio Podcaster,Draw ideal workflow on paper → find no tool does all steps → frustrated,Simple end-to-end workflow for audio-only creators doesn't exist,Various (all failed),varies,weekly,"Upload → clips → captions → export workflow in 10 min total",3,TRUE
109,Reddit r/podcasting,"My biggest wish: a tool that creates vertical short AND square post AND 16:9 YouTube Short from same clip at once",Multi-format Creator,Export clip → re-crop for each format → waste an hour,Multi-format export is manual and repetitive,Opus Clip,29,weekly,"One-click multi-format export from a single clip",3,TRUE
110,Reddit,"Hashtag suggestions are always the same popular ones — never niche or strategic",Niche Creator,Get hashtag suggestions → all generic trending tags → not niche-relevant,Generic hashtags reduce discoverability for niche content,Opus Clip,29,weekly,"Niche-aware hashtag suggestions based on episode topic and category",1,TRUE
111,Reddit,"Title suggestions are clickbait-y and don't match my brand voice",Brand-conscious Creator,Get title suggestions → clickbait format → off-brand → rewrite manually,AI titles don't adapt to creator's existing tone or style,Opus Clip,15,weekly,"Title suggestions that match creator's established voice/style",2,TRUE
112,Reddit,"I want smart defaults: 60s for TikTok, 90s for Reels, 3min for YouTube Shorts. Set once, apply forever",Systematic Creator,Manually set length for every clip → repetitive → wish it was automatic,No persistent platform-specific length preferences,Various,15,weekly,"Platform-length presets set once and auto-applied to all clips",2,TRUE
113,Reddit,"When clips get rejected by TikTok for music copyright, none of the tools help you fix it",Compliance-aware Creator,Export clip → get copyright strike on TikTok → no in-tool fix,No copyright detection or music-safe audio options,Opus Clip,29,weekly,"Copyright detection and licensed music alternatives built in",2,TRUE
114,Reddit r/podcasting,"I've never met a solo podcaster satisfied with their current clips workflow",Community Observer,Talk to peers → uniform dissatisfaction across all tools/approaches,Universal dissatisfaction signals genuine market gap,Various,15-29,weekly,"Industry-standard workflow that creators actually enjoy using",3,TRUE
115,Reddit,"None of the clip tools have a 'this performed 3x better, here's why' feedback loop",Analytics-minded Creator,Post clips → see performance data in platform → no in-tool analysis,No connection between clip creation and post-performance learning,Opus Clip,29,weekly,"In-tool analytics showing which clips performed and why",2,TRUE
116,Reddit,"I want clip templates that match my existing brand — colors, fonts, logo",Brand-consistent Creator,Use tool template → looks nothing like brand → manually rebrand,No brand-matching or import from existing brand assets,Various,29,weekly,"Brand kit that auto-applies brand colors/fonts/logo to all clips",2,TRUE
117,Reddit,"Brand kit locked behind $25+ plan",Budget Creator,Find brand kit feature → see it's Pro-only → can't afford → inconsistent branding,Brand kit paywall forces a choice between quality and cost,Opus Clip,29,monthly,"Brand kit available at entry tier ($5-10/mo)",2,TRUE
118,Reddit r/podcasting,"Started a weekly clips habit. Got burned out in week 3. Too many manual steps",Habit-attempting Creator,Commit to weekly clips → hit friction wall at week 3 → quit,Even short-term commitment is unsustainable with current friction,Manual + CapCut,7,formerly weekly,"Frictionless workflow that sustains habit long-term",3,TRUE
119,Reddit,"None of these tools let me see data on what worked for similar creators in my niche",Benchmark-seeking Creator,Post clips → compare to niche competitors → no tool helps with this,No competitive benchmarking or niche-specific performance data,Opus Clip,29,weekly,"Community benchmarks: see what clip styles/lengths win in my niche",2,TRUE
120,Reddit,"I'm embarrassed to post clips these tools produce — they look like 2020 memes",Style-aware Creator,Generate clips → compare to current trending aesthetics → outdated look → don't post,AI-generated aesthetics are behind current platform trends,Opus Clip,29,weekly,"Trending aesthetic templates updated monthly",2,TRUE
121,Reddit r/podcasting,"All AI clip tools fail at identifying 'emotional peaks' in conversations",Interview Podcaster,Record emotional interview → AI clips at information not emotion,AI lacks emotional intelligence in clip selection,Opus Clip / Descript,29,weekly,"Emotional peak detection in clip selection (not just keyword frequency)",3,TRUE
122,Reddit,"My podcast has an accent (non-US English). Captions from every AI tool are 40% wrong",Non-native English Podcaster,Record with accent → generate captions → 40%+ errors → unusable,ASR models biased toward US English → poor global creator support,Multiple tools,varies,weekly,"Accent-robust ASR with low error rate for global English podcasters",3,TRUE
123,Reddit r/podcasting,"Multi-track audio (separate guest and host tracks) breaks all the AI clipping tools",Multi-mic Podcaster,Record with separate tracks → upload to AI tool → broken clips,Multi-track audio input not supported by major clip tools,Opus Clip,29,weekly,"Multi-track audio support with separate speaker detection",2,TRUE
124,Reddit r/podcasting,"I need a clip tool optimized for conversations, not monologues",Interview/Conversation Podcaster,Use clip tool → works ok for monologue → fails for back-and-forth,Dialogue dynamics in interviews create unique clip challenges,Opus Clip,29,weekly,"Conversation-aware AI that clips based on dialogue flow",3,TRUE
125,Reddit,"These tools are designed for influencers. Solo podcasters with no team are an afterthought",Solo Creator,Use tool → feel product isn't designed for their workflow,No dedicated product focus on solo/no-team creators,Various,varies,weekly,"Product explicitly designed for the solo creator workflow",2,TRUE
